source,author,title,description,url,urlToImage,publishedAt,content
"{'id': None, 'name': 'Bitcoinist'}",Leah Waters,SEC Chair Paul Atkins’ ‘Project Crypto’ Sets the Stage for the Next Cryptos to Explode,"Yesterday, Securities and Exchange Commission (SEC) Chairman Paul Atkins announced ‘Project Crypto’ – a bold new initiative he describes as ‘the SEC’s north star in aiding President Trump in his historic efforts to make America the crypto capital of the world…",https://bitcoinist.com/next-cryptos-to-explode-alongside-project-crypto/,https://bitcoinist.com/wp-content/uploads/2025/08/next-cryptos-to-expode-alongside-project-crypto-.jpg,2025-08-01 16:02:36+00:00,"Yesterday, Securities and Exchange Commission (SEC) Chairman Paul Atkins announced Project Crypto a bold new initiative he describes as the SECs north star in aiding President Trump in his historic e… [+7802 chars]"
"{'id': None, 'name': 'Yahoo Entertainment'}",Laiba Immad,"NVIDIA Corporation (NVDA) Reenters China with U.S. Approval, Eyes $15 Billion AI Chip Boom","We recently compiled a list of the 10 Best Strong Buy Tech Stocks to Buy. NVIDIA Corporation stands second on our list. NVIDIA Corporation (NASDAQ:NVDA), a...",https://finance.yahoo.com/news/nvidia-corporation-nvda-reenters-china-151705124.html,https://s.yimg.com/ny/api/res/1.2/ENmNeWc0VnWpngIWxXawgA--/YXBwaWQ9aGlnaGxhbmRlcjt3PTEyMDA7aD04MDA-/https://media.zenfs.com/en/insidermonkey.com/07c0b7e7d56cc1de166e2a28043049b3,2025-08-01 15:17:05+00:00,"We recently compiled a list of the10 Best Strong Buy Tech Stocks to Buy. NVIDIA Corporation stands second on our list.
NVIDIA Corporation (NASDAQ:NVDA), a global leader in GPU and AI chip design, is… [+1826 chars]"
"{'id': None, 'name': 'Bitcoinist'}",Leah Waters,Coinbase ‘Everything Exchange’ to Offer Tokenized Stocks & Boost Bitcoin Hyper,"Coinbase has announced ‘Everything Exchange,’ a one-stop app for trading tokenized stocks, derivatives, prediction markets, and early-stage tokens. Once launched in the coming months, it aims to make on-chain trading faster, easier, and more accessible to US …",https://bitcoinist.com/coinbase-everything-exchange-to-boost-bitcoin-hyper/,https://bitcoinist.com/wp-content/uploads/2025/08/coinbase-everything-app-to-boost-bitcoin-hyper.jpg,2025-08-01 12:53:00+00:00,"Coinbase has announced Everything Exchange, a one-stop app for trading tokenized stocks, derivatives, prediction markets, and early-stage tokens.
Once launched in the coming months, it aims to make … [+5505 chars]"
"{'id': None, 'name': 'International Business Times'}",AFP News,Stocks Slide As Trump's New Tariff Sweep Offsets Earnings,"Stock markets slid but the dollar held up Friday as US President Donald Trump announced tariffs on dozens of trading partners, offsetting strong earnings from tech giants.",https://www.ibtimes.com/stocks-slide-trumps-new-tariff-sweep-offsets-earnings-3779992,https://d.ibtimes.com/en/full/4614034/most-markets-fell-traders-digested-donald-trumps-latest-tariff-salvo.jpg,2025-08-01 11:21:13+00:00,"Stock markets slid but the dollar held up Friday as US President Donald Trump announced tariffs on dozens of trading partners, offsetting strong earnings from tech giants.
With hours to go before Tr… [+2739 chars]"
"{'id': None, 'name': 'Yahoo Entertainment'}",Olga Kharif,Coinbase Falls After Revenue Misses Estimates on Lower Volumes,(Bloomberg) -- Shares of Coinbase Global Inc. fell after the largest US crypto exchange reported lower-than-estimated second-quarter revenue amid a drop in...,https://finance.yahoo.com/news/coinbase-falls-revenue-misses-estimates-111005880.html,https://s.yimg.com/ny/api/res/1.2/TnrL1131emgmPLAM9qnu0g--/YXBwaWQ9aGlnaGxhbmRlcjt3PTEyMDA7aD04MDA-/https://media.zenfs.com/en/bloomberg_holding_pen_162/5e83717069b6f6c2a035cddb31fd94e4,2025-08-01 11:10:05+00:00,"(Bloomberg) -- Shares of Coinbase Global Inc. fell after the largest US crypto exchange reported lower-than-estimated second-quarter revenue amid a drop in digital-asset market volatility.
Most Read… [+3030 chars]"
"{'id': None, 'name': 'Yahoo Entertainment'}","Carolina Mandl, Suzanne McGee and Davide Barbuscia","Never mind Wall Street records, investors rethink US market supremacy",NEW YORK (Reuters) -A rebound on Wall Street and in the dollar has not allayed investor concerns about the ability of U.S. assets to outperform overseas...,https://finance.yahoo.com/news/never-mind-wall-street-records-100351221.html,https://media.zenfs.com/en/reuters-finance.com/362aaef8fd7735c300701b5701c6dddf,2025-08-01 10:03:51+00:00,"(Corrects name of company in paragraph 5 to State Street Investment Management from State Street Global Advisors)
By Carolina Mandl, Suzanne McGee and Davide Barbuscia
NEW YORK (Reuters) -A rebound… [+6283 chars]"
"{'id': None, 'name': 'Forbes'}","Trefis Team, Contributor, 
 Trefis Team, Contributor
 https://www.forbes.com/sites/greatspeculations/people/trefis/",What’s Next For Garmin Stock?,The GPS technology firm recently announced a significant Q2 earnings beat and elevated its full-year guidance...,https://www.forbes.com/sites/greatspeculations/2025/08/01/whats-next-for-garmin-stock/,https://imageio.forbes.com/specials-images/imageserve/688c5f3e0829d8b102cc4591/0x0.jpg?format=jpg&height=900&width=1600&fit=bounds,2025-08-01 10:00:58+00:00,"CHONGQING, CHINA - JULY 28: In this photo illustration, a smartphone held in a hand displays the logo of Garmin Ltd. (NYSE: GRMN), a multinational technology company known for its GPS navigation and … [+4878 chars]"
"{'id': None, 'name': 'ETF Daily News'}",MarketBeat News,Tetra Tech (NASDAQ:TTEK) versus LiqTech International (NASDAQ:LIQT) Financial Comparison,"LiqTech International (NASDAQ:LIQT – Get Free Report) and Tetra Tech (NASDAQ:TTEK – Get Free Report) are both industrials companies, but which is the better business? We will contrast the two companies based on the strength of their profitability, valuation, …",https://www.etfdailynews.com/2025/08/01/tetra-tech-nasdaqttek-versus-liqtech-international-nasdaqliqt-financial-comparison/,https://www.americanbankingnews.com/wp-content/timthumb/timthumb.php?src=https://www.marketbeat.com/logos/tetra-tech-logo-1200x675.jpg&w=240&h=240&zc=2,2025-08-01 07:48:57+00:00,"LiqTech International (NASDAQ:LIQT – Get Free Report) and Tetra Tech (NASDAQ:TTEK – Get Free Report) are both industrials companies, but which is the better business? We will contrast the two compani… [+6340 chars]"
"{'id': None, 'name': 'ETF Daily News'}",MarketBeat News,Head to Head Analysis: Norsk Hydro ASA (OTCMKTS:NHYDY) & Orbite Aluminae (OTCMKTS:EORBF),"Norsk Hydro ASA (OTCMKTS:NHYDY – Get Free Report) and Orbite Aluminae (OTCMKTS:EORBF – Get Free Report) are both basic materials companies, but which is the better investment? We will contrast the two businesses based on the strength of their valuation, risk,…",https://www.etfdailynews.com/2025/08/01/head-to-head-analysis-norsk-hydro-asa-otcmktsnhydy-orbite-aluminae-otcmktseorbf/,https://www.americanbankingnews.com/wp-content/timthumb/timthumb.php?src=https://www.marketbeat.com/logos/orbite-technologies-inc-logo-1200x675.jpg?v=20220629085633&w=240&h=240&zc=2,2025-08-01 07:48:50+00:00,"Norsk Hydro ASA (OTCMKTS:NHYDY – Get Free Report) and Orbite Aluminae (OTCMKTS:EORBF – Get Free Report) are both basic materials companies, but which is the better investment? We will contrast the tw… [+5139 chars]"
"{'id': None, 'name': 'ETF Daily News'}",MarketBeat News,Analyzing Comtex News Network (OTCMKTS:CMTX) and FactSet Research Systems (NYSE:FDS),"Comtex News Network (OTCMKTS:CMTX – Get Free Report) and FactSet Research Systems (NYSE:FDS – Get Free Report) are both business services companies, but which is the better investment? We will compare the two businesses based on the strength of their earnings…",https://www.etfdailynews.com/2025/08/01/analyzing-comtex-news-network-otcmktscmtx-and-factset-research-systems-nysefds/,https://www.americanbankingnews.com/wp-content/timthumb/timthumb.php?src=https://www.marketbeat.com/logos/factset-logo-1200x675.jpg&w=240&h=240&zc=2,2025-08-01 07:14:53+00:00,"Comtex News Network (OTCMKTS:CMTX – Get Free Report) and FactSet Research Systems (NYSE:FDS – Get Free Report) are both business services companies, but which is the better investment? We will compar… [+4784 chars]"
"{'id': None, 'name': 'ETF Daily News'}",MarketBeat News,Contrasting Donnelley Financial Solutions (NYSE:DFIN) & HeartCore Enterprises (NASDAQ:HTCR),"Donnelley Financial Solutions (NYSE:DFIN – Get Free Report) and HeartCore Enterprises (NASDAQ:HTCR – Get Free Report) are both small-cap computer and technology companies, but which is the superior business? We will compare the two businesses based on the str…",https://www.etfdailynews.com/2025/08/01/contrasting-donnelley-financial-solutions-nysedfin-heartcore-enterprises-nasdaqhtcr/,https://www.americanbankingnews.com/wp-content/timthumb/timthumb.php?src=https://www.marketbeat.com/logos/heartcore-enterprises-inc-logo-1200x675.jpg?v=20220603101045&w=240&h=240&zc=2,2025-08-01 06:08:52+00:00,"Donnelley Financial Solutions (NYSE:DFIN – Get Free Report) and HeartCore Enterprises (NASDAQ:HTCR – Get Free Report) are both small-cap computer and technology companies, but which is the superior b… [+6244 chars]"
"{'id': None, 'name': 'ETF Daily News'}",MarketBeat News,Promising Cryptocurrency Stocks To Research – July 30th,"Robinhood Markets, Galaxy Digital, HIVE Digital Technologies, Bitfarms, and BTCS are the five Cryptocurrency stocks to watch today, according to MarketBeat’s stock screener tool. Cryptocurrency stocks are shares of publicly traded companies whose business act…",https://www.etfdailynews.com/2025/08/01/promising-cryptocurrency-stocks-to-research-july-30th/,https://www.americanbankingnews.com/wp-content/timthumb/timthumb.php?src=https://www.marketbeat.com/logos/robinhood-markets-inc-logo-1200x675.png?v=20210729133331&w=240&h=240&zc=2,2025-08-01 06:01:00+00:00,"Robinhood Markets, Galaxy Digital, HIVE Digital Technologies, Bitfarms, and BTCS are the five Cryptocurrency stocks to watch today, according to MarketBeat’s stock screener tool. Cryptocurrency stock… [+5339 chars]"
"{'id': None, 'name': 'ETF Daily News'}",MarketBeat News,CSP (NASDAQ:CSPI) & Digital China (OTCMKTS:DCHIF) Head-To-Head Analysis,"Earnings & Valuation This table compares Digital China and CSP”s gross revenue, earnings per share and valuation. Gross Revenue Price/Sales Ratio Net Income Earnings Per Share Price/Earnings Ratio Digital China $2.32 billion 0.28 -$35.32 million N/A N/A CSP $…",https://www.etfdailynews.com/2025/08/01/csp-nasdaqcspi-digital-china-otcmktsdchif-head-to-head-analysis/,https://www.americanbankingnews.com/wp-content/timthumb/timthumb.php?src=https://www.marketbeat.com/logos/csp-inc-logo-1200x675.png?v=20241009133329&w=240&h=240&zc=2,2025-08-01 05:50:53+00:00,"Earnings &amp; Valuation
This table compares Digital China and CSP”s gross revenue, earnings per share and valuation.
<table><tr><td></td><td>Gross Revenue</td><td>Price/Sales Ratio</td><td>Net Inc… [+5262 chars]"
"{'id': None, 'name': 'ETF Daily News'}",MarketBeat News,RiT Technologies (OTCMKTS:RITT) and Belden (NYSE:BDC) Head-To-Head Survey,"RiT Technologies (OTCMKTS:RITT – Get Free Report) and Belden (NYSE:BDC – Get Free Report) are both industrials companies, but which is the superior investment? We will compare the two companies based on the strength of their earnings, risk, valuation, dividen…",https://www.etfdailynews.com/2025/08/01/rit-technologies-otcmktsritt-and-belden-nysebdc-head-to-head-survey/,https://www.americanbankingnews.com/wp-content/timthumb/timthumb.php?src=https://www.marketbeat.com/logos/belden-inc-logo-1200x675.jpg?v=20221117162800&w=240&h=240&zc=2,2025-08-01 05:50:53+00:00,"RiT Technologies (OTCMKTS:RITT – Get Free Report) and Belden (NYSE:BDC – Get Free Report) are both industrials companies, but which is the superior investment? We will compare the two companies based… [+5689 chars]"
"{'id': None, 'name': 'ETF Daily News'}",MarketBeat News,GSI Technology (NASDAQ:GSIT) versus Quantum (NASDAQ:QMCO) Financial Review,"GSI Technology (NASDAQ:GSIT – Get Free Report) and Quantum (NASDAQ:QMCO – Get Free Report) are both small-cap computer and technology companies, but which is the superior business? We will contrast the two companies based on the strength of their dividends, v…",https://www.etfdailynews.com/2025/08/01/gsi-technology-nasdaqgsit-versus-quantum-nasdaqqmco-financial-review/,https://www.americanbankingnews.com/wp-content/timthumb/timthumb.php?src=https://www.marketbeat.com/logos/quantum-co-logo-1200x675.jpg?v=20221222123237&w=240&h=240&zc=2,2025-08-01 05:50:52+00:00,"GSI Technology (NASDAQ:GSIT – Get Free Report) and Quantum (NASDAQ:QMCO – Get Free Report) are both small-cap computer and technology companies, but which is the superior business? We will contrast t… [+6881 chars]"
"{'id': None, 'name': 'Yahoo Entertainment'}",Simply Wall St,3 European Stocks That Could Be Undervalued By Up To 49.4%,"Amidst a backdrop of tentative optimism surrounding potential EU-U.S. trade deals, the European markets have shown resilience, with the pan-European STOXX...",https://finance.yahoo.com/news/3-european-stocks-could-undervalued-053753889.html,https://media.zenfs.com/en/simply_wall_st__316/e18325c660d04f2fe88569956b7babe1,2025-08-01 05:37:53+00:00,"Amidst a backdrop of tentative optimism surrounding potential EU-U.S. trade deals, the European markets have shown resilience, with the pan-European STOXX Europe 600 Index rising modestly. As investo… [+4945 chars]"
"{'id': 'financial-post', 'name': 'Financial Post'}",The Associated Press,Asian shares retreat after Trump’s order imposing new tariffs on 68 countries and the EU,"MANILA, Philippines (AP) — Asian shares retreated Friday following choppy trading on Wall Street that saw more losses as investors assess President Donald Trump’s order imposing new tariffs on 68 countries and the European Union starting in seven days. Trump’…",https://financialpost.com/pmn/asian-shares-retreat-after-trumps-order-imposing-new-tariffs-on-68-countries-and-the-eu,,2025-08-01 05:37:35+00:00,"MANILA, Philippines (AP) Asian shares retreated Friday following choppy trading on Wall Street that saw more losses as investors assess President Donald Trumps order imposing new tariffs on 68 countr… [+5463 chars]"
"{'id': None, 'name': 'ETF Daily News'}",MarketBeat News,Freenet (OTCMKTS:FRTAF) and A10 Networks (NYSE:ATEN) Financial Review,"A10 Networks (NYSE:ATEN – Get Free Report) and Freenet (OTCMKTS:FRTAF – Get Free Report) are both computer and technology companies, but which is the superior stock? We will contrast the two businesses based on the strength of their profitability, institution…",https://www.etfdailynews.com/2025/08/01/freenet-otcmktsfrtaf-and-a10-networks-nyseaten-financial-review/,https://www.americanbankingnews.com/wp-content/timthumb/timthumb.php?src=https://www.marketbeat.com/logos/freenet-ag-logo-1200x675.png?v=20240605142009&w=240&h=240&zc=2,2025-08-01 05:34:48+00:00,"A10 Networks (NYSE:ATEN – Get Free Report) and Freenet (OTCMKTS:FRTAF – Get Free Report) are both computer and technology companies, but which is the superior stock? We will contrast the two business… [+6896 chars]"
"{'id': None, 'name': 'ETF Daily News'}",MarketBeat News,"PT Telekomunikasi Indonesia, Tbk (NYSE:TLK) vs. Deutsche Telekom (OTCMKTS:DTEGY) Financial Analysis","Deutsche Telekom (OTCMKTS:DTEGY – Get Free Report) and PT Telekomunikasi Indonesia, Tbk (NYSE:TLK – Get Free Report) are both large-cap utilities companies, but which is the better business? We will compare the two businesses based on the strength of their in…",https://www.etfdailynews.com/2025/08/01/pt-telekomunikasi-indonesia-tbk-nysetlk-vs-deutsche-telekom-otcmktsdtegy-financial-analysis/,https://www.americanbankingnews.com/wp-content/timthumb/timthumb.php?src=https://www.marketbeat.com/logos/perusahaan-perseroan-(persero)-pt-telekomunikasi-indonesia-tbk-logo-1200x675.png?v=20240509145312&w=240&h=240&zc=2,2025-08-01 05:18:59+00:00,"Deutsche Telekom (OTCMKTS:DTEGY – Get Free Report) and PT Telekomunikasi Indonesia, Tbk (NYSE:TLK – Get Free Report) are both large-cap utilities companies, but which is the better business? We will … [+5561 chars]"
"{'id': None, 'name': 'ETF Daily News'}",MarketBeat News,Financial Comparison: T Stamp (NASDAQ:IDAI) and Amdocs (NASDAQ:DOX),"T Stamp (NASDAQ:IDAI – Get Free Report) and Amdocs (NASDAQ:DOX – Get Free Report) are both computer and technology companies, but which is the superior stock? We will compare the two businesses based on the strength of their analyst recommendations, earnings,…",https://www.etfdailynews.com/2025/08/01/financial-comparison-t-stamp-nasdaqidai-and-amdocs-nasdaqdox/,https://www.americanbankingnews.com/wp-content/timthumb/timthumb.php?src=https://www.marketbeat.com/logos/amdocs-limited-logo-1200x675.png?v=20240119120004&w=240&h=240&zc=2,2025-08-01 05:00:50+00:00,"T Stamp (NASDAQ:IDAI – Get Free Report) and Amdocs (NASDAQ:DOX – Get Free Report) are both computer and technology companies, but which is the superior stock? We will compare the two businesses based… [+6357 chars]"
"{'id': None, 'name': 'ETF Daily News'}",MarketBeat News,Reviewing 3i Group (OTCMKTS:TGOPY) & Brookfield Wealth Solutions (NYSE:BNT),"3i Group (OTCMKTS:TGOPY – Get Free Report) and Brookfield Wealth Solutions (NYSE:BNT – Get Free Report) are both large-cap finance companies, but which is the better investment? We will compare the two businesses based on the strength of their valuation, risk…",https://www.etfdailynews.com/2025/08/01/reviewing-3i-group-otcmktstgopy-brookfield-wealth-solutions-nysebnt/,https://www.americanbankingnews.com/wp-content/timthumb/timthumb.php?src=https://www.marketbeat.com/logos/brookfield-wealth-solutions-ltd-logo-1200x675.png?v=20250207054837&w=240&h=240&zc=2,2025-08-01 05:00:49+00:00,"3i Group (OTCMKTS:TGOPY – Get Free Report) and Brookfield Wealth Solutions (NYSE:BNT – Get Free Report) are both large-cap finance companies, but which is the better investment? We will compare the t… [+7346 chars]"
"{'id': None, 'name': 'Columbia.edu'}",Paul S. Atkins,SEC Chair Discusses American Leadership in Digital Finance — Project Crypto,"It gives me great pleasure to be with you all, particularly at what I believe is a defining moment for American leadership in the crypto asset markets. Before I share a few reflections, I want to thank the America First …",https://clsbluesky.law.columbia.edu/2025/08/01/sec-chair-discusses-american-leadership-in-digital-finance-project-crypto/,https://s0.wp.com/i/blank.jpg,2025-08-01 04:01:15+00:00,"It gives me great pleasure to be with you all, particularly at what I believe is a defining moment for American leadership in the crypto asset markets. Before I share a few reflections, I want to tha… [+27034 chars]"
"{'id': None, 'name': 'BusinessLine'}",Team BL,"Q1 Results Highlights: Delhivery profit up 67%, UPL trims loss, ITC steady at ₹4,912 cr; Adani Power, Graphite India slip; Tata Power, Godrej Properties rise","Q1 Results Highlights 1st August 2025: Find all the latest updates related to Q1FY26 results of ITC, Adani Power, Tata Power Company, Godrej Properties, UPL, Delhivery, Multi Commodity Exchange of India, Tube Investments of India, GlaxoSmithKline Pharmaceutic…",https://www.thehindubusinessline.com/markets/stock-markets/q1-results-today-highlights-itc-adani-power-tata-power-godrej-properties-upl-delhivery-multi-commodity-exchange-of-india-01-august-2025-adani-enterprises-maruti-sun-pharma-dabur-vedanta-hul/article69877851.ece,https://bl-i.thgim.com/public/incoming/fysejt/article69877850.ece/alternates/LANDSCAPE_1200/PO28_Analysing.jpg,2025-08-01 03:41:56+00:00,"Q1 Results Today Highlights: Find all the latest updates related to Q1FY26 results of ITC, Adani Power, Tata Power Company, Godrej Properties, UPL, Delhivery, Multi Commodity Exchange of India, Tube … [+25589 chars]"
"{'id': None, 'name': 'BusinessLine'}","Team BL, KS Badri Narayanan","Share Market Highlights: Nifty ends below 24,600 as global worries, pharma rout drag markets","Sensex, Nifty Updates on 1 August 2025: Indian equity benchmarks ended lower on Friday, marking their fifth consecutive weekly decline—the longest losing streak in two years—as the U.S. reaffirmed steep tariffs, including a 25% duty on India, which stoked glo…",https://www.thehindubusinessline.com/markets/stock-market-highlights-1-august-2025/article69879345.ece,https://bl-i.thgim.com/public/incoming/vmhmtk/article69877328.ece/alternates/LANDSCAPE_1200/PO16_Rising_chart.jpg,2025-08-01 01:17:00+00:00,"Stock Market on 1 August 2025 | Share Market Updates- Find here all the live updates related to Sensex, Nifty, BSE, NSE, share prices and Indian stock markets.<li></li>
16:16 | August 1, 2025This bl… [+84437 chars]"
"{'id': None, 'name': 'GlobeNewswire'}",Fairfax India Holdings Corporation,Fairfax India Holdings Corporation: Second Quarter Financial Results,NOT FOR DISTRIBUTION TO U.S. NEWS WIRE SERVICES OR DISSEMINATION IN THE UNITED STATES  (Note: All dollar amounts in this press release are expressed in......,https://www.globenewswire.com/news-release/2025/07/31/3125505/0/en/Fairfax-India-Holdings-Corporation-Second-Quarter-Financial-Results.html,https://ml.globenewswire.com/Resource/Download/eb75281d-0a27-4f01-9def-cc26b5276858,2025-07-31 21:05:00+00:00,"NOT FOR DISTRIBUTION TO U.S. NEWS WIRE SERVICES OR DISSEMINATION IN THE UNITED STATES
<table><tr><td>(Note
:</td><td> </td><td>All dollar amounts in this press release are expressed in U.S. dollars… [+18528 chars]"
"{'id': 'fortune', 'name': 'Fortune'}",Leo Schwartz,The SEC just unveiled ‘Project Crypto’: What you need to know,SEC chair Paul Atkins spoke at a D.C. digital finance event just a day after the White House released its long-anticipated crypto report.,https://fortune.com/crypto/2025/07/31/the-sec-just-unveiled-project-crypto-what-you-need-to-know/,"https://fortune.com/img-assets/wp-content/uploads/2025/07/GettyImages-2224934665-e1753979810542.jpg?resize=1200,600",2025-07-31 17:11:02+00:00,"On Thursday, Securities and Exchange Commission chair Paul Atkins delivered an address signaling a new era for the top regulator. After the SEC spent years combating the blockchain industry through e… [+3776 chars]"
"{'id': None, 'name': 'Yahoo Entertainment'}",Fatima Gulzar,Wallbox Launches Virtual Power Plants In California and New York through Leap Partnership,Wallbox N.V. (NYSE:WBX) is among the 12 Best EV Charging Stocks to Buy According to Hedge Funds. Wallbox N.V. (NYSE:WBX) has partnered strategically with...,https://finance.yahoo.com/news/wallbox-launches-virtual-power-plants-165418022.html,https://s.yimg.com/ny/api/res/1.2/L8aP63XM0iRMwDK7fEHuaw--/YXBwaWQ9aGlnaGxhbmRlcjt3PTEyMDA7aD02NzM-/https://media.zenfs.com/en/insidermonkey.com/8fa99795fbcfec8bc323cd571f150974,2025-07-31 16:54:18+00:00,"Wallbox N.V. (NYSE:WBX) is among the 12 Best EV Charging Stocks to Buy According to Hedge Funds. Wallbox N.V. (NYSE:WBX) has partnered strategically with Leap, a leading virtual power plant technolog… [+1701 chars]"
"{'id': None, 'name': 'Yahoo Entertainment'}",Laiba Immad,Korea Electric Power Corporation (KEP) Accelerates Offshore Wind Expansion,We recently compiled a list of 10 Cheap Utility Stocks to Buy According to Hedge Funds. Korea Electric Power Corporation stands ninth on our list and has...,https://finance.yahoo.com/news/korea-electric-power-corporation-kep-162535915.html,https://s.yimg.com/ny/api/res/1.2/.6dqxXPDuG1nbgfAbQKdRA--/YXBwaWQ9aGlnaGxhbmRlcjt3PTEyMDA7aD02NzM-/https://media.zenfs.com/en/insidermonkey.com/e1cc95c7b7a80027f1b0f866d8d54395,2025-07-31 16:25:35+00:00,We recently compiled a list of 10 Cheap Utility Stocks to Buy According to Hedge Funds. Korea Electric Power Corporation stands ninth on our list and has developed the world's first superconducting p… [+2398 chars]
"{'id': 'the-times-of-india', 'name': 'The Times of India'}",Riya Sharma,Ahead of Market: 10 things that will decide stock market action on Friday,"Indian markets closed mildly lower on Thursday after early steep losses triggered by U.S. tariff threats. Investors viewed the proposed 25% duty as a negotiation tactic. FMCG stocks outperformed, while oil & gas shares dragged indices down amid caution.",https://economictimes.indiatimes.com/markets/stocks/news/ahead-of-market-10-things-that-will-decide-stock-market-action-on-friday/articleshow/123024569.cms,"https://img.etimg.com/thumb/msid-123024591,width-1200,height-630,imgsize-3328185,overlay-etmarkets/articleshow.jpg",2025-07-31 15:47:38+00:00,"The Indian market ended in the red on Thursday but trimmed steeper early losses, as investors interpreted the U.S.s proposed 25% tariff and unspecified penalties, set to take effect Aug. 1, as a nego… [+5169 chars]"
"{'id': None, 'name': 'Cointelegraph'}",Cointelegraph by Bradley Peak,Bitcoin is now bigger than Amazon: Here’s how it became a top-5 asset,"Bitcoin’s explosive July rally pushed its market cap to $2.4 trillion, overtaking Amazon, silver and Alphabet, cementing its place among the world’s five most valuable assets.",https://cointelegraph.com/explained/bitcoin-is-now-bigger-than-amazon-heres-how-it-became-a-top-5-asset,"https://images.cointelegraph.com/cdn-cgi/image/format=auto,onerror=redirect,quality=90,width=1200/https://s3.cointelegraph.com/storage/uploads/view/9ad0a7cafc46846d12d49aec6d2f5d68.jpg",2025-07-31 14:15:00+00:00,"Bitcoin overtakes amazon in 2025 
On July 14, 2025, Bitcoin crossed a historic threshold. Its price surged past $122,600, pushing its market capitalization to approximately $2.4 trillion surpassing … [+7118 chars]"
"{'id': None, 'name': 'Yahoo Entertainment'}",Soumya Eswaran,Intuitive Surgical (ISRG) Soared on Solid Financial Results,"Baron Funds, an investment management company, released its “Baron Health Care Fund” second-quarter 2025 investor letter. A copy of the letter can be...",https://finance.yahoo.com/news/intuitive-surgical-isrg-soared-solid-120807938.html,https://media.zenfs.com/en/insidermonkey.com/e24fbc1e1c4c2dcb559e88c54481ec43,2025-07-31 12:08:07+00:00,"Baron Funds, an investment management company, released its Baron Health Care Fund second-quarter 2025 investor letter. A copy of the letter can be downloaded here. The fund declined 5.06% (Instituti… [+2845 chars]"
"{'id': 'the-times-of-india', 'name': 'The Times of India'}",Riya Sharma,Nifty Bank rebounds from day’s low as Dalal Street shrugs off Trump’s 25% tariff salvo,"Indian banking stocks rebounded sharply on Thursday, led by ICICI and Kotak Bank, as markets discounted US tariff concerns. Nifty Bank index swung from a 600-point drop to end in positive territory amid hopes of trade negotiations with the US.",https://economictimes.indiatimes.com/markets/stocks/news/nifty-bank-rebounds-from-days-low-as-dalal-street-shrugs-off-trumps-25-tariff-salvo/articleshow/123020046.cms,"https://img.etimg.com/thumb/msid-123020033,width-1200,height-630,imgsize-18360,overlay-etmarkets/articleshow.jpg",2025-07-31 11:38:15+00:00,"Indian banking stocks staged a sharp intraday comeback on Thursday as the Nifty Bank index rebounded more than 1.5% from its session low, with ICICI Bank and Kotak Mahindra Bank spearheading the reco… [+4732 chars]"
"{'id': None, 'name': 'Barchart.com'}",Oleksandr Pylypenko,"Stocks Soar Before the Open on Upbeat Meta and Microsoft Results, U.S. PCE Inflation Data and More Big Tech Earnings on Tap","September S&P 500 E-Mini futures (ESU25) are up +0.97%, and September Nasdaq 100 E-Mini futures (NQU25) are up +1.30% this morning as forecast-beating...",https://www.barchart.com/story/news/33771786/stocks-soar-before-the-open-on-upbeat-meta-and-microsoft-results-u-s-pce-inflation-data-and-more-big-tech-earnings-on-tap,https://s.yimg.com/ny/api/res/1.2/UUDkRlJd8AF7o1MmlPofOQ--/YXBwaWQ9aGlnaGxhbmRlcjt3PTEyMDA7aD03Nzk-/https://media.zenfs.com/en/barchart_com_477/754d1add9645fb46c7ad31fc4fa63ccc,2025-07-31 10:13:45+00:00,"The next two months of data will be pivotal, and we see a path to a resumption of the Feds easing cycle in the autumn should tariff inflation prove more modest than expected or the labor market show … [+13394 chars]"
"{'id': 'business-insider', 'name': 'Business Insider'}",tmohamed@businessinsider.com (Theron Mohamed),"How to turn Reddit hype into real dollars, as meme-stock mania returns to markets","Opendoor, Kohl's, and Wendy's are among the new crop of meme stocks, giving their bosses a chance to turn good vibes into cash.",https://www.businessinsider.com/meme-stocks-reddit-cash-opendoor-retail-trading-social-media-finance-2025-7,https://i.insider.com/688a078185e81483682eeb3b?width=1000&format=jpeg,2025-07-31 09:38:28+00:00,"Can being a meme stock actually help a company, or is it just good vibes?
Four years after retail investors coordinated on Reddit's Wall Street Bets forum to save GameStop from short sellers, they'v… [+3022 chars]"
"{'id': None, 'name': 'ETF Daily News'}",MarketBeat News,Top Bank Stocks To Research – July 28th,"Invesco QQQ, JPMorgan Chase & Co., Citigroup, Vertiv, SoFi Technologies, PayPal, and Intuit are the seven Bank stocks to watch today, according to MarketBeat’s stock screener tool. Bank stocks are equity securities issued by publicly traded banking institutio…",https://www.etfdailynews.com/2025/07/31/top-bank-stocks-to-research-july-28th/,https://www.americanbankingnews.com/wp-content/timthumb/timthumb.php?src=https://www.marketbeat.com/logos/invesco-qqq-logo-1200x675.png?v=20231212200553&w=240&h=240&zc=2,2025-07-31 08:52:55+00:00,"Invesco QQQ, JPMorgan Chase &amp; Co., Citigroup, Vertiv, SoFi Technologies, PayPal, and Intuit are the seven Bank stocks to watch today, according to MarketBeat’s stock screener tool. Bank stocks ar… [+8225 chars]"
"{'id': None, 'name': 'ETF Daily News'}",MarketBeat News,Top Insurance Stocks To Follow Today – July 29th,"Tesla, UnitedHealth Group, SoFi Technologies, CyberArk Software, and United Parcel Service are the five Insurance stocks to watch today, according to MarketBeat’s stock screener tool. Insurance stocks are shares of publicly traded companies whose primary busi…",https://www.etfdailynews.com/2025/07/31/top-insurance-stocks-to-follow-today-july-29th/,https://www.americanbankingnews.com/wp-content/timthumb/timthumb.php?src=https://www.marketbeat.com/logos/tesla-inc-logo-1200x675.png?v=20221020135629&w=240&h=240&zc=2,2025-07-31 08:00:55+00:00,"Tesla, UnitedHealth Group, SoFi Technologies, CyberArk Software, and United Parcel Service are the five Insurance stocks to watch today, according to MarketBeat’s stock screener tool. Insurance stock… [+6639 chars]"
"{'id': None, 'name': 'ETF Daily News'}",MarketBeat News,Transportation Stocks To Research – July 29th,"Union Pacific, Norfolk Southern, CyberArk Software, United Parcel Service, Uber Technologies, Vertiv, and Berkshire Hathaway are the seven Transportation stocks to watch today, according to MarketBeat’s stock screener tool. Transportation stocks are shares of…",https://www.etfdailynews.com/2025/07/31/transportation-stocks-to-research-july-29th/,https://www.americanbankingnews.com/wp-content/timthumb/timthumb.php?src=https://www.marketbeat.com/logos/union-pacific-co-logo-1200x675.png?v=20231212201221&w=240&h=240&zc=2,2025-07-31 08:00:55+00:00,"Union Pacific, Norfolk Southern, CyberArk Software, United Parcel Service, Uber Technologies, Vertiv, and Berkshire Hathaway are the seven Transportation stocks to watch today, according to MarketBea… [+9388 chars]"
"{'id': None, 'name': 'ETF Daily News'}",MarketBeat News,Restaurant Stocks To Add to Your Watchlist – July 29th,"Uber Technologies, Alibaba Group, Berkshire Hathaway, Booking, Chipotle Mexican Grill, CocaCola, and Block are the seven Restaurant stocks to watch today, according to MarketBeat’s stock screener tool. Restaurant stocks are equity shares of companies operatin…",https://www.etfdailynews.com/2025/07/31/restaurant-stocks-to-add-to-your-watchlist-july-29th/,https://www.americanbankingnews.com/wp-content/timthumb/timthumb.php?src=https://www.marketbeat.com/logos/uber-technologies-inc-logo-1200x675.png?v=20191127154752&w=240&h=240&zc=2,2025-07-31 08:00:54+00:00,"Uber Technologies, Alibaba Group, Berkshire Hathaway, Booking, Chipotle Mexican Grill, CocaCola, and Block are the seven Restaurant stocks to watch today, according to MarketBeat’s stock screener too… [+8467 chars]"
"{'id': None, 'name': 'hackernoon.com'}",Olayimika Oyebanji,MultiBank.io CEO Zak Taher On The Evolution Of Multi-Asset Brokerage And RWA Tokenization | HackerNoon,"Zak Taher has spent over 2 decades in the industry guiding teams and businesses through transformation, volatility, and innovation.",https://hackernoon.com/multibankio-ceo-zak-taher-on-the-evolution-of-multi-asset-brokerage-and-rwa-tokenization,https://hackernoon.imgix.net/images/XEwEsoKKiSM0pGjq4dyeehqOfjj2-im0257a.webp,2025-07-31 07:59:21+00:00,"The financial trading world stands at a turning point. Traditional brokers grapple with outdated systems and complex regulations, even as traders demand seamless access to both conventional instrumen… [+7118 chars]"
"{'id': None, 'name': 'ETF Daily News'}",MarketBeat News,Contrasting Belden (NYSE:BDC) and RiT Technologies (OTCMKTS:RITT),"Belden (NYSE:BDC – Get Free Report) and RiT Technologies (OTCMKTS:RITT – Get Free Report) are both industrials companies, but which is the better stock? We will compare the two companies based on the strength of their profitability, dividends, valuation, risk…",https://www.etfdailynews.com/2025/07/31/contrasting-belden-nysebdc-and-rit-technologies-otcmktsritt/,https://www.americanbankingnews.com/wp-content/timthumb/timthumb.php?src=https://www.marketbeat.com/logos/rit-technologies-ltd-logo-1200x675.png&w=240&h=240&zc=2,2025-07-31 07:34:50+00:00,"Belden (NYSE:BDC – Get Free Report) and RiT Technologies (OTCMKTS:RITT – Get Free Report) are both industrials companies, but which is the better stock? We will compare the two companies based on the… [+5660 chars]"
"{'id': None, 'name': 'ETF Daily News'}",MarketBeat News,Vapor (OTCMKTS:HCMC) vs. Cooper Companies (NASDAQ:COO) Financial Survey,"Vapor (OTCMKTS:HCMC – Get Free Report) and Cooper Companies (NASDAQ:COO – Get Free Report) are both medical companies, but which is the superior stock? We will compare the two companies based on the strength of their risk, valuation, analyst recommendations, …",https://www.etfdailynews.com/2025/07/31/vapor-otcmktshcmc-vs-cooper-companies-nasdaqcoo-financial-survey/,https://www.americanbankingnews.com/wp-content/timthumb/timthumb.php?src=https://www.marketbeat.com/logos/cooper-companies-inc-logo-1200x675.png?v=20200617151750&w=240&h=240&zc=2,2025-07-31 07:24:53+00:00,"Vapor (OTCMKTS:HCMC – Get Free Report) and Cooper Companies (NASDAQ:COO – Get Free Report) are both medical companies, but which is the superior stock? We will compare the two companies based on the … [+5702 chars]"
"{'id': None, 'name': 'Motley Fool Australia'}",Sebastian Bowen,Here are the top 10 ASX 200 shares today,"Investors pulled back from the market's record highs this Thursday. 
The post Here are the top 10 ASX 200 shares today appeared first on The Motley Fool Australia.",https://www.fool.com.au/2025/07/31/here-are-the-top-10-asx-200-shares-today-31-july-2025/,https://www.fool.com.au/wp-content/uploads/2023/11/top-people-1200x675.jpg,2025-07-31 06:56:07+00:00,"The S&amp;P/ASX 200 Index (ASX: XJO) pulled back from the new all-time high we saw yesterday this session, recording a slight fall for this Thursday's trading.
By the time trading closed, the ASX 20… [+2590 chars]"
"{'id': None, 'name': 'Cointelegraph'}",Cointelegraph by Martin Young,Donald Trump to get on with Bitcoin reserve ‘in short order’ — Bo Hines,US official Bo Hines says the Trump administration is still pursuing strategic Bitcoin reserve accumulation despite a policy report not mentioning it.,https://cointelegraph.com/news/us-bitcoin-reserve-plans-continue-donald-trump-bo-hines,"https://images.cointelegraph.com/cdn-cgi/image/format=auto,onerror=redirect,quality=90,width=1200/https://s3.cointelegraph.com/uploads/2025-07/01985eeb-cf22-7681-b363-54e43ca62c8a",2025-07-31 06:51:28+00:00,"US President Donald Trumps crypto liaison has confirmed that the administration is still keen on a strategic Bitcoin reserve, despite it not being mentioned in a recently published crypto policy repo… [+2318 chars]"
"{'id': None, 'name': 'ETF Daily News'}",MarketBeat News,Robinhood Markets (NASDAQ:HOOD) Trading Down 1% After Insider Selling,"Robinhood Markets, Inc. (NASDAQ:HOOD – Get Free Report)’s share price dropped 1% during mid-day trading on Tuesday after an insider sold shares in the company. The stock traded as low as $104.97 and last traded at $105.70. Approximately 9,364,381 shares trade…",https://www.etfdailynews.com/2025/07/31/robinhood-markets-nasdaqhood-trading-down-1-after-insider-selling/,https://www.americanbankingnews.com/wp-content/timthumb/timthumb.php?src=https://www.marketbeat.com/logos/robinhood-markets-inc-logo-1200x675.png?v=20210729133331&w=240&h=240&zc=2,2025-07-31 06:18:44+00:00,"Robinhood Markets, Inc. (NASDAQ:HOOD – Get Free Report)’s share price dropped 1% during mid-day trading on Tuesday after an insider sold shares in the company. The stock traded as low as $104.97 and … [+5445 chars]"
"{'id': None, 'name': 'ETF Daily News'}",MarketBeat News,Seven Arts Entertainment (OTCMKTS:SAPX) and IMAX (NYSE:IMAX) Financial Contrast,"Seven Arts Entertainment (OTCMKTS:SAPX – Get Free Report) and IMAX (NYSE:IMAX – Get Free Report) are both small-cap consumer discretionary companies, but which is the superior investment? We will compare the two companies based on the strength of their valuat…",https://www.etfdailynews.com/2025/07/31/seven-arts-entertainment-otcmktssapx-and-imax-nyseimax-financial-contrast/,https://www.americanbankingnews.com/wp-content/timthumb/timthumb.php?src=https://www.marketbeat.com/logos/imax-co-logo-1200x675.png?v=20240521154342&w=240&h=240&zc=2,2025-07-31 05:28:50+00:00,"Seven Arts Entertainment (OTCMKTS:SAPX – Get Free Report) and IMAX (NYSE:IMAX – Get Free Report) are both small-cap consumer discretionary companies, but which is the superior investment? We will com… [+5721 chars]"
"{'id': None, 'name': 'ETF Daily News'}",MarketBeat News,Rohm (OTCMKTS:ROHCY) & Diodes (NASDAQ:DIOD) Financial Review,"Rohm (OTCMKTS:ROHCY – Get Free Report) and Diodes (NASDAQ:DIOD – Get Free Report) are both mid-cap computer and technology companies, but which is the better stock? We will contrast the two companies based on the strength of their analyst recommendations, ins…",https://www.etfdailynews.com/2025/07/31/rohm-otcmktsrohcy-diodes-nasdaqdiod-financial-review/,https://www.americanbankingnews.com/wp-content/timthumb/timthumb.php?src=https://www.marketbeat.com/logos/diodes-incorporated-logo-1200x675.jpg&w=240&h=240&zc=2,2025-07-31 05:25:09+00:00,"Rohm (OTCMKTS:ROHCY – Get Free Report) and Diodes (NASDAQ:DIOD – Get Free Report) are both mid-cap computer and technology companies, but which is the better stock? We will contrast the two companies… [+5801 chars]"
"{'id': None, 'name': 'Yahoo Entertainment'}",Simply Wall St,Asian Growth Companies With Insider Ownership Ranging From 16% To 36%,"As global markets respond to favorable trade developments, with indices like the S&P 500 and Nasdaq Composite reaching record highs, attention turns to Asia ...",https://finance.yahoo.com/news/asian-growth-companies-insider-ownership-043533743.html,https://media.zenfs.com/en/simply_wall_st__316/8b2f1fb8ed1ddbd9c7702732b1ea0316,2025-07-31 04:35:33+00:00,"As global markets respond to favorable trade developments, with indices like the S&amp;P 500 and Nasdaq Composite reaching record highs, attention turns to Asia where growth companies are capturing i… [+5380 chars]"
"{'id': None, 'name': 'GlobeNewswire'}",Société Générale,Societe Generale: Second quarter and first half 2025 results,"RESULTS AT 30 JUNE 2025    Press release                                                         Paris, 31 July 2025, 6:25 a.m.  GROUP NET INCOME OF...",https://www.globenewswire.com/news-release/2025/07/31/3124627/0/en/Societe-Generale-Second-quarter-and-first-half-2025-results.html,https://ml-eu.globenewswire.com/Resource/Download/e54ac28d-be2c-4031-8348-ee1f71928e7b,2025-07-31 04:25:00+00:00,"RESULTS AT 30 JUNE 2025
Press release                                                         Paris, 31 July 2025, 6:25 a.m.
GROUPNET INCOME OF EUR 3.1BN IN H1 25, UP +71% VS. H1 24
UPGRADE OF 202… [+62368 chars]"
"{'id': 'the-times-of-india', 'name': 'The Times of India'}",Bloomberg,Trump’s tariffs threaten to deepen $248 billion India stock rout,"India's stock market is facing potential losses due to newly imposed US tariffs, the highest in Asia, and concerns over energy purchases from Russia. This development exacerbates existing worries about India's economic slowdown and lagging corporate earnings,…",https://economictimes.indiatimes.com/markets/stocks/news/trumps-tariffs-threaten-to-deepen-248-billion-india-stock-rout/articleshow/123008888.cms,"https://img.etimg.com/thumb/msid-123008903,width-1200,height-630,imgsize-243810,overlay-etmarkets/articleshow.jpg",2025-07-31 01:57:54+00:00,Indias faltering equities market faces the risk of more losses after the nation was slapped with one of the highest tariff rates in Asia on its exports to the US.President Donald Trump said he would … [+3766 chars]
"{'id': 'financial-post', 'name': 'Financial Post'}",Bloomberg News,Trump’s Tariffs Threaten to Deepen $248 Billion India Stock Rout,India’s faltering equities market faces the risk of more losses after the nation was slapped with one of the highest tariff rates in Asia on its exports to the US.,https://financialpost.com/pmn/business-pmn/trumps-tariffs-threaten-to-deepen-248-billion-india-stock-rout,https://smartcdn.gprod.postmedia.digital/financialpost/wp-content/uploads/2025/07/indian-shares-trade-pricey-despite-trailing-peers.jpg,2025-07-31 01:20:20+00:00,"(Bloomberg) Indias faltering equities market faces the risk of more losses after the nation was slapped with one of the highest tariff rates in Asia on its exports to the US.
THIS CONTENT IS RESERVE… [+5219 chars]"
